{"initial_reset_timestamp": 1612324960.9946747, "timestamps": [1612324982.5182247], "episode_lengths": [280], "episode_rewards": [262.8881230045701], "episode_types": ["t"]}